plan_id,plan_brand_name,product_code,program_type_code,state_code,medicare_status_code,aid_category_code,coverage_type_code,effective_date,term_date,updated_at
4M7A21,Garden State Health Plan,MCD,MEDICAID,NJ,NONE,TANF,FULL,2022-07-01,,2022-12-03 17:58:34
7K2B34,Empire Health Plan,MCD,MEDICAID,NY,NONE,TANF,FULL,2022-10-01,,2026-05-17 18:09:35
2R6A18,Bluebell Health Plan,MCD,MEDICAID,PA,NONE,TANF,FULL,2023-01-01,,2026-01-09 18:52:03
8T3B27,First State Health Plan,MCD,MEDICAID,DE,NONE,TANF,FULL,2023-04-01,,2025-03-24 11:23:48
4M8C16,Garden State Health Plan,MCD,MEDICAID,NJ,NONE,ABD,FULL,2023-07-01,,2026-06-27 14:48:34
7K4D09,Empire Health Plan,MCD,MEDICAID,NY,NONE,ABD,FULL,2023-10-01,,2024-09-14 12:28:34
2R9C41,Bluebell Health Plan,MCD,MEDICAID,PA,NONE,ABD,FULL,2024-01-01,,2024-03-16 18:03:16
8T5D52,First State Health Plan,MCD,MEDICAID,DE,NONE,ABD,FULL,2022-07-01,,2023-12-29 11:53:02
4N3B62,Garden State Health Plan,MCD,MEDICAID,NJ,NONE,LTC,FULL,2022-10-01,,2023-04-28 16:23:50
7L6A25,Empire Health Plan,MCD,MEDICAID,NY,NONE,LTC,FULL,2023-01-01,,2025-06-22 12:04:16
2S4D73,Bluebell Health Plan,MCD,MEDICAID,PA,NONE,LTC,FULL,2023-04-01,,2025-06-08 10:32:38
8U7C14,First State Health Plan,MCD,MEDICAID,DE,NONE,LTC,FULL,2023-07-01,,2025-08-09 14:56:28
5P2A46,Garden State Health Plan,DSNP,MEDICARE,NJ,AB,ABD,FULL,2023-10-01,,2025-04-06 14:17:02
9H6C31,Empire Health Plan,DSNP,MEDICARE,NY,AB,ABD,FULL,2024-01-01,,2025-12-19 09:35:25
3V4B58,Bluebell Health Plan,DSNP,MEDICARE,PA,AB,ABD,FULL,2022-07-01,,2026-03-23 13:07:32
6J8D23,First State Health Plan,DSNP,MEDICARE,DE,AB,ABD,FULL,2022-10-01,,2024-05-15 09:29:51
5P7C12,Garden State Health Plan,DSNP,MEDICARE,NJ,AB,,LIMITED,2023-01-01,,2025-09-24 16:26:32
9H3A67,Empire Health Plan,DSNP,MEDICARE,NY,AB,,LIMITED,2023-04-01,,2024-03-07 08:47:01
3V8D35,Bluebell Health Plan,DSNP,MEDICARE,PA,AB,,LIMITED,2023-07-01,,2025-07-27 10:50:37
6J4B71,First State Health Plan,DSNP,MEDICARE,DE,AB,,LIMITED,2023-10-01,,2024-06-21 13:06:08
5Q6B29,Garden State Health Plan,DSNP,MEDICARE,NJ,AB,LTC,FULL,2024-01-01,,2025-04-27 09:01:00
9G2D54,Empire Health Plan,DSNP,MEDICARE,NY,AB,LTC,FULL,2022-07-01,,2024-07-29 13:12:24
3W7A43,Bluebell Health Plan,DSNP,MEDICARE,PA,AB,LTC,FULL,2022-10-01,,2025-12-12 17:39:22
6K5C18,First State Health Plan,DSNP,MEDICARE,DE,AB,LTC,FULL,2023-01-01,,2026-01-28 14:13:53
5Q9D36,Garden State Health Plan,DSNP,MEDICARE,NJ,AB,LTC,FULL,2023-04-01,,2025-08-03 10:23:03
9G4B72,Empire Health Plan,DSNP,MEDICARE,NY,AB,LTC,FULL,2023-07-01,,2026-06-11 18:33:57
3W2C61,Bluebell Health Plan,DSNP,MEDICARE,PA,AB,LTC,FULL,2023-10-01,,2024-07-22 13:36:01
6K7A45,First State Health Plan,DSNP,MEDICARE,DE,AB,LTC,FULL,2024-01-01,,2023-06-13 16:45:15
1X5B24,Garden State Health Plan,MA,MEDICARE,NJ,AB,,,2022-07-01,,2025-07-28 12:48:44
4F9C63,Empire Health Plan,MA,MEDICARE,NY,AB,,,2022-10-01,,2025-01-28 12:32:00
7D3A51,Bluebell Health Plan,MA,MEDICARE,PA,AB,,,2023-01-01,,2023-09-07 11:01:06
2L8D37,First State Health Plan,MA,MEDICARE,DE,AB,,,2023-04-01,,2024-06-20 16:13:59
